TimeSeries ID,train,validation
593,0.9776101112365723,0.9772432115342882
592,0.9769160151481628,undefined
591,0.9740154147148132,undefined
590,0.9743396639823914,undefined
589,0.974384605884552,undefined
588,0.9767460823059082,undefined
587,0.9772876501083374,undefined
586,0.9732995629310608,undefined
585,0.9761844873428345,undefined
584,0.9765994548797607,undefined
583,0.9761704802513123,undefined
582,0.9744953513145447,undefined
581,0.9772651791572571,undefined
580,0.9749501347541809,undefined
579,0.9778584837913513,undefined
578,0.9775562882423401,undefined
577,0.9768134951591492,undefined
576,0.9783822894096375,undefined
575,0.9744611978530884,undefined
574,0.9785436391830444,undefined
573,0.9780219793319702,undefined
572,0.9755098223686218,undefined
571,0.9780676960945129,undefined
570,0.9756097793579102,undefined
569,0.9774985313415527,undefined
568,0.9775465726852417,undefined
567,0.9794361591339111,undefined
566,0.9743527770042419,undefined
565,0.9789183139801025,undefined
564,0.9750385880470276,undefined
563,0.9784806370735168,undefined
562,0.9772390723228455,undefined
561,0.976178765296936,undefined
560,0.9774890542030334,undefined
559,0.9755045771598816,undefined
558,0.972646176815033,undefined
557,0.9762836694717407,undefined
556,0.9776601195335388,undefined
555,0.9760979413986206,undefined
554,0.9775179028511047,undefined
553,0.9780644178390503,undefined
552,0.977762758731842,undefined
551,0.9772819876670837,undefined
550,0.9753583073616028,undefined
549,0.9750968813896179,undefined
548,0.9777304530143738,undefined
547,0.9768022894859314,undefined
546,0.977954089641571,undefined
545,0.9767382740974426,undefined
544,0.9770349264144897,undefined
543,0.9755505919456482,undefined
542,0.9769952893257141,undefined
541,0.9772466421127319,undefined
540,0.9776468276977539,undefined
539,0.9784208536148071,undefined
538,0.9777958989143372,undefined
537,0.9756721258163452,undefined
536,0.9758132100105286,undefined
535,0.9741300344467163,undefined
534,0.9780584573745728,undefined
533,0.9790987968444824,undefined
532,0.9764028787612915,undefined
531,0.9757121205329895,undefined
530,0.974013090133667,undefined
529,0.9766553640365601,undefined
528,0.9751532077789307,undefined
527,0.9758855104446411,undefined
526,0.975352942943573,undefined
525,0.9780148267745972,undefined
524,0.9739993214607239,undefined
523,0.9765426516532898,undefined
522,0.976792573928833,undefined
521,0.9770038723945618,undefined
520,0.9753300547599792,undefined
519,0.9749317765235901,undefined
518,0.9777129292488098,undefined
517,0.9772578477859497,undefined
516,0.9735924601554871,undefined
515,0.9759036898612976,undefined
514,0.9766543507575989,undefined
513,0.9781761169433594,undefined
512,0.9770105481147766,undefined
511,0.9750206470489502,undefined
510,0.9755734801292419,undefined
509,0.9767769575119019,undefined
508,0.9786003828048706,undefined
507,0.9763041138648987,undefined
506,0.9768003225326538,undefined
505,0.9788423180580139,undefined
504,0.9783387780189514,undefined
503,0.9742048978805542,undefined
502,0.9748567342758179,undefined
501,0.9750428199768066,undefined
500,0.9756367206573486,0.9770034154256185
499,0.9780174493789673,undefined
498,0.9771349430084229,undefined
497,0.9764677286148071,undefined
496,0.9762417674064636,undefined
495,0.9749513864517212,undefined
494,0.975593626499176,undefined
493,0.9771209955215454,undefined
492,0.9776101112365723,undefined
491,0.9767404794692993,undefined
490,0.9773005843162537,undefined
489,0.9766797423362732,undefined
488,0.9748557209968567,undefined
487,0.9780174493789673,undefined
486,0.9779813885688782,undefined
485,0.9768069982528687,undefined
484,0.9768806099891663,undefined
483,0.976530909538269,undefined
482,0.9739130735397339,undefined
481,0.9761307239532471,undefined
480,0.9756379723548889,undefined
479,0.9755421280860901,undefined
478,0.9790495038032532,undefined
477,0.9748276472091675,undefined
476,0.9764925837516785,undefined
475,0.9761767387390137,undefined
474,0.9780246615409851,undefined
473,0.9766237735748291,undefined
472,0.9777235984802246,undefined
471,0.9764317870140076,undefined
470,0.9786548018455505,undefined
469,0.9753636717796326,undefined
468,0.9782030582427979,undefined
467,0.9769287109375,undefined
466,0.9800198674201965,undefined
465,0.9757546186447144,undefined
464,0.9729182720184326,undefined
463,0.976336658000946,undefined
462,0.9767555594444275,undefined
461,0.9733344316482544,undefined
460,0.9751864671707153,undefined
459,0.975519597530365,undefined
458,0.9774652719497681,undefined
457,0.9772272706031799,undefined
456,0.9765806198120117,undefined
455,0.9761232137680054,undefined
454,0.9767498970031738,undefined
453,0.9771428108215332,undefined
452,0.9768507480621338,undefined
451,0.9789332747459412,undefined
450,0.9728533625602722,undefined
449,0.9768577218055725,undefined
448,0.9761212468147278,undefined
447,0.9768399000167847,undefined
446,0.9779399633407593,undefined
445,0.976585328578949,undefined
444,0.9777997136116028,undefined
443,0.9753682017326355,undefined
442,0.977587103843689,undefined
441,0.9760366082191467,undefined
440,0.976398229598999,undefined
439,0.9784849286079407,undefined
438,0.9772518873214722,undefined
437,0.978821873664856,undefined
436,0.9752135276794434,undefined
435,0.9756830930709839,undefined
434,0.9721391201019287,undefined
433,0.976435661315918,undefined
432,0.9761345982551575,undefined
431,0.9780630469322205,undefined
430,0.9747198224067688,undefined
429,0.9736202955245972,undefined
428,0.9760348796844482,undefined
427,0.9756321310997009,undefined
426,0.9769027829170227,undefined
425,0.9774852991104126,undefined
424,0.974862277507782,undefined
423,0.976155161857605,undefined
422,0.9776578545570374,undefined
421,0.9770228862762451,undefined
420,0.9739152789115906,undefined
419,0.9769224524497986,undefined
418,0.9767518043518066,undefined
417,0.9763661026954651,undefined
416,0.9765968322753906,undefined
415,0.9792466163635254,undefined
414,0.9762381315231323,undefined
413,0.9777704477310181,undefined
412,0.9773155450820923,undefined
411,0.9743914008140564,undefined
410,0.9756036400794983,undefined
409,0.9783063530921936,undefined
408,0.9781574010848999,undefined
407,0.9762461185455322,undefined
406,0.976080596446991,undefined
405,0.9759513735771179,undefined
404,0.9752846956253052,undefined
403,0.9759729504585266,undefined
402,0.976809024810791,undefined
401,0.9762079119682312,undefined
400,0.9759848713874817,0.9759171803792318
399,0.9755476117134094,undefined
398,0.978147566318512,undefined
397,0.9744973182678223,undefined
396,0.9749301075935364,undefined
395,0.9744833707809448,undefined
394,0.978688657283783,undefined
393,0.9751513004302979,undefined
392,0.9784811735153198,undefined
391,0.9739286303520203,undefined
390,0.9764103889465332,undefined
389,0.9727902412414551,undefined
388,0.9765273928642273,undefined
387,0.9774700403213501,undefined
386,0.9777225852012634,undefined
385,0.9765344858169556,undefined
384,0.9752187728881836,undefined
383,0.9758896827697754,undefined
382,0.9746761322021484,undefined
381,0.9740161299705505,undefined
380,0.976120114326477,undefined
379,0.9771528840065002,undefined
378,0.9780864715576172,undefined
377,0.9764987230300903,undefined
376,0.9753247499465942,undefined
375,0.9730625748634338,undefined
374,0.9761767387390137,undefined
373,0.9780018329620361,undefined
372,0.9742634892463684,undefined
371,0.9768009781837463,undefined
370,0.9781292080879211,undefined
369,0.9779171943664551,undefined
368,0.976763129234314,undefined
367,0.9759771823883057,undefined
366,0.9773581624031067,undefined
365,0.9768707752227783,undefined
364,0.976138174533844,undefined
363,0.975982129573822,undefined
362,0.9743271470069885,undefined
361,0.9746298789978027,undefined
360,0.9750796556472778,undefined
359,0.9765974879264832,undefined
358,0.9760000109672546,undefined
357,0.9729752540588379,undefined
356,0.9752830266952515,undefined
355,0.9773538112640381,undefined
354,0.9763199687004089,undefined
353,0.975684642791748,undefined
352,0.9755509495735168,undefined
351,0.9761962294578552,undefined
350,0.9755501747131348,undefined
349,0.978718101978302,undefined
348,0.9743398427963257,undefined
347,0.9748961329460144,undefined
346,0.9771225452423096,undefined
345,0.9765747785568237,undefined
344,0.9769962430000305,undefined
343,0.9736753702163696,undefined
342,0.9730509519577026,undefined
341,0.9749130606651306,undefined
340,0.9762561917304993,undefined
339,0.9754464030265808,undefined
338,0.9750062227249146,undefined
337,0.9791886806488037,undefined
336,0.9763607382774353,undefined
335,0.9734803438186646,undefined
334,0.9775271415710449,undefined
333,0.9743272066116333,undefined
332,0.9762022495269775,undefined
331,0.9740368127822876,undefined
330,0.9743014574050903,undefined
329,0.9761864542961121,undefined
328,0.9741358160972595,undefined
327,0.9754856824874878,undefined
326,0.9758481979370117,undefined
325,0.9751406908035278,undefined
324,0.9768251180648804,undefined
323,0.9774223566055298,undefined
322,0.9736642241477966,undefined
321,0.9746963381767273,undefined
320,0.9743868708610535,undefined
319,0.976145327091217,undefined
318,0.9756456017494202,undefined
317,0.97496098279953,undefined
316,0.9748764634132385,undefined
315,0.9765619039535522,undefined
314,0.9762858748435974,undefined
313,0.9739566445350647,undefined
312,0.9759551882743835,undefined
311,0.974912166595459,undefined
310,0.9746540188789368,undefined
309,0.9759314060211182,undefined
308,0.9754025340080261,undefined
307,0.9753416180610657,undefined
306,0.9732562899589539,undefined
305,0.9736323356628418,undefined
304,0.9759368896484375,undefined
303,0.9734883904457092,undefined
302,0.9766233563423157,undefined
301,0.9737571477890015,undefined
300,0.9750041961669922,0.9758030573527018
299,0.9772374033927917,undefined
298,0.9763662815093994,undefined
297,0.973601758480072,undefined
296,0.9772250652313232,undefined
295,0.9747349619865417,undefined
294,0.9760380387306213,undefined
293,0.975763738155365,undefined
292,0.9728261232376099,undefined
291,0.9742187261581421,undefined
290,0.9758529663085938,undefined
289,0.9781492948532104,undefined
288,0.9762473702430725,undefined
287,0.9741065502166748,undefined
286,0.9715213179588318,undefined
285,0.9733697772026062,undefined
284,0.9744199514389038,undefined
283,0.9754191637039185,undefined
282,0.9747571349143982,undefined
281,0.9756540060043335,undefined
280,0.9761366844177246,undefined
279,0.9735506176948547,undefined
278,0.9729366898536682,undefined
277,0.9743818044662476,undefined
276,0.9752799868583679,undefined
275,0.973675549030304,undefined
274,0.973432719707489,undefined
273,0.9749098420143127,undefined
272,0.9717779159545898,undefined
271,0.9723365306854248,undefined
270,0.9747462272644043,undefined
269,0.9732193946838379,undefined
268,0.9740194082260132,undefined
267,0.972679853439331,undefined
266,0.9765716791152954,undefined
265,0.9735017418861389,undefined
264,0.9748881459236145,undefined
263,0.972842812538147,undefined
262,0.9730066657066345,undefined
261,0.9730597734451294,undefined
260,0.9756276607513428,undefined
259,0.9750387668609619,undefined
258,0.9735559225082397,undefined
257,0.97702556848526,undefined
256,0.973473310470581,undefined
255,0.9754488468170166,undefined
254,0.973889946937561,undefined
253,0.9761651754379272,undefined
252,0.9765496850013733,undefined
251,0.974467396736145,undefined
250,0.9777522683143616,undefined
249,0.9760522842407227,undefined
248,0.9728198647499084,undefined
247,0.9739034175872803,undefined
246,0.972862720489502,undefined
245,0.9760276675224304,undefined
244,0.9719841480255127,undefined
243,0.9724611043930054,undefined
242,0.9725837111473083,undefined
241,0.9736907482147217,undefined
240,0.9746835827827454,undefined
239,0.974962055683136,undefined
238,0.9735137224197388,undefined
237,0.9749062657356262,undefined
236,0.9732986092567444,undefined
235,0.9710519313812256,undefined
234,0.9708843231201172,undefined
233,0.9734412431716919,undefined
232,0.9746370911598206,undefined
231,0.9738367199897766,undefined
230,0.9752327799797058,undefined
229,0.9751563668251038,undefined
228,0.9742436408996582,undefined
227,0.9712682366371155,undefined
226,0.9729753136634827,undefined
225,0.9761415123939514,undefined
224,0.9735099673271179,undefined
223,0.9721941351890564,undefined
222,0.973127007484436,undefined
221,0.9708399772644043,undefined
220,0.9732869863510132,undefined
219,0.9700482487678528,undefined
218,0.973595142364502,undefined
217,0.9719304442405701,undefined
216,0.9744164943695068,undefined
215,0.973521888256073,undefined
214,0.973883330821991,undefined
213,0.9718650579452515,undefined
212,0.9727144241333008,undefined
211,0.9756878614425659,undefined
210,0.9716075658798218,undefined
209,0.9735126495361328,undefined
208,0.9730126261711121,undefined
207,0.9685925841331482,undefined
206,0.9757145643234253,undefined
205,0.971095860004425,undefined
204,0.9726982116699219,undefined
203,0.9723610281944275,undefined
202,0.9739727973937988,undefined
201,0.9714589715003967,undefined
200,0.9742482304573059,0.9736131032307943
199,0.9722692370414734,undefined
198,0.9709171056747437,undefined
197,0.9714733362197876,undefined
196,0.9719138741493225,undefined
195,0.9720227718353271,undefined
194,0.9726877212524414,undefined
193,0.9722846746444702,undefined
192,0.9749676585197449,undefined
191,0.9724909663200378,undefined
190,0.9685503840446472,undefined
189,0.9694502949714661,undefined
188,0.9675712585449219,undefined
187,0.9739201664924622,undefined
186,0.9699795246124268,undefined
185,0.9720396399497986,undefined
184,0.9687216281890869,undefined
183,0.968059778213501,undefined
182,0.9670486450195312,undefined
181,0.970386803150177,undefined
180,0.9684773683547974,undefined
179,0.9682261943817139,undefined
178,0.9712620377540588,undefined
177,0.9662492871284485,undefined
176,0.9709575176239014,undefined
175,0.9668084979057312,undefined
174,0.9687218070030212,undefined
173,0.9721684455871582,undefined
172,0.9699892401695251,undefined
171,0.9691713452339172,undefined
170,0.9660239219665527,undefined
169,0.9710867404937744,undefined
168,0.9681212306022644,undefined
167,0.9704672694206238,undefined
166,0.9683104157447815,undefined
165,0.9684792160987854,undefined
164,0.9702650308609009,undefined
163,0.9660792350769043,undefined
162,0.9697267413139343,undefined
161,0.9718044996261597,undefined
160,0.9716200828552246,undefined
159,0.9709632396697998,undefined
158,0.9657697677612305,undefined
157,0.9647573232650757,undefined
156,0.9675582051277161,undefined
155,0.9647783041000366,undefined
154,0.9692193269729614,undefined
153,0.9656495451927185,undefined
152,0.9659373760223389,undefined
151,0.9660014510154724,undefined
150,0.9666281342506409,undefined
149,0.965898871421814,undefined
148,0.9607810974121094,undefined
147,0.963628888130188,undefined
146,0.9624708890914917,undefined
145,0.966432511806488,undefined
144,0.9662976264953613,undefined
143,0.9628048539161682,undefined
142,0.9663254618644714,undefined
141,0.9618629813194275,undefined
140,0.9653486013412476,undefined
139,0.9646099209785461,undefined
138,0.9642172455787659,undefined
137,0.9645965695381165,undefined
136,0.9665032029151917,undefined
135,0.962157666683197,undefined
134,0.9620231986045837,undefined
133,0.9635634422302246,undefined
132,0.9615448713302612,undefined
131,0.9590569734573364,undefined
130,0.9618822932243347,undefined
129,0.9617050290107727,undefined
128,0.9609172344207764,undefined
127,0.963383138179779,undefined
126,0.962796151638031,undefined
125,0.9645640254020691,undefined
124,0.9627563953399658,undefined
123,0.9636896252632141,undefined
122,0.9604700207710266,undefined
121,0.9632777571678162,undefined
120,0.9641405344009399,undefined
119,0.9611900448799133,undefined
118,0.9652789235115051,undefined
117,0.9624199271202087,undefined
116,0.9617445468902588,undefined
115,0.9627390503883362,undefined
114,0.9636467695236206,undefined
113,0.9609085321426392,undefined
112,0.9625901579856873,undefined
111,0.9634737372398376,undefined
110,0.961756706237793,undefined
109,0.9585526585578918,undefined
108,0.9633401036262512,undefined
107,0.9638271331787109,undefined
106,0.9615734815597534,undefined
105,0.960509717464447,undefined
104,0.9632461667060852,undefined
103,0.9624513983726501,undefined
102,0.9590328931808472,undefined
101,0.9634780287742615,undefined
100,0.9613000750541687,0.9627579583062066
99,0.9628244042396545,undefined
98,0.962192177772522,undefined
97,0.9611618518829346,undefined
96,0.9630063772201538,undefined
95,0.9607694745063782,undefined
94,0.9604753255844116,undefined
93,0.9593786597251892,undefined
92,0.9616644978523254,undefined
91,0.9622078537940979,undefined
90,0.9659268856048584,undefined
89,0.959942638874054,undefined
88,0.960442304611206,undefined
87,0.9612584710121155,undefined
86,0.9611682891845703,undefined
85,0.9603292346000671,undefined
84,0.9599056243896484,undefined
83,0.9617892503738403,undefined
82,0.9619501233100891,undefined
81,0.9642273187637329,undefined
80,0.9603666663169861,undefined
79,0.9637429714202881,undefined
78,0.9642682075500488,undefined
77,0.9626477360725403,undefined
76,0.9634075164794922,undefined
75,0.962315022945404,undefined
74,0.9630282521247864,undefined
73,0.9595783948898315,undefined
72,0.9603686332702637,undefined
71,0.9623379707336426,undefined
70,0.96429443359375,undefined
69,0.9600790143013,undefined
68,0.9611910581588745,undefined
67,0.9618009924888611,undefined
66,0.9613562226295471,undefined
65,0.9590032696723938,undefined
64,0.9597781896591187,undefined
63,0.9627872705459595,undefined
62,0.9612598419189453,undefined
61,0.9635005593299866,undefined
60,0.9628569483757019,undefined
59,0.9579359292984009,undefined
58,0.9622151851654053,undefined
57,0.9637752771377563,undefined
56,0.9573389887809753,undefined
55,0.9589710235595703,undefined
54,0.960304319858551,undefined
53,0.9602747559547424,undefined
52,0.957729160785675,undefined
51,0.9616017937660217,undefined
50,0.9613490700721741,undefined
49,0.9639692306518555,undefined
48,0.9601813554763794,undefined
47,0.9630663394927979,undefined
46,0.9584940671920776,undefined
45,0.9602825045585632,undefined
44,0.9619245529174805,undefined
43,0.9610937237739563,undefined
42,0.9535154104232788,undefined
41,0.959490954875946,undefined
40,0.9535037279129028,undefined
39,0.9537969827651978,undefined
38,0.9569514393806458,undefined
37,0.9534883499145508,undefined
36,0.9590864777565002,undefined
35,0.9529625177383423,undefined
34,0.9575467705726624,undefined
33,0.9591650366783142,undefined
32,0.9549166560173035,undefined
31,0.9581449031829834,undefined
30,0.9579631686210632,undefined
29,0.9624229669570923,undefined
28,0.9554476141929626,undefined
27,0.9590063095092773,undefined
26,0.9529547095298767,undefined
25,0.9513906240463257,undefined
24,0.9435069561004639,undefined
23,0.9467988014221191,undefined
22,0.9447550773620605,undefined
21,0.9475550651550293,undefined
20,0.943611204624176,undefined
19,0.9513792395591736,undefined
18,0.9388931393623352,undefined
17,0.9268211722373962,undefined
16,0.9168837666511536,undefined
15,0.9107496738433838,undefined
14,0.8950217962265015,undefined
13,0.891293466091156,undefined
12,0.8811291456222534,undefined
11,0.8685747385025024,undefined
10,0.8573464155197144,undefined
9,0.8317170739173889,undefined
8,0.8177965879440308,undefined
7,0.8195081949234009,undefined
6,0.8128445148468018,undefined
5,0.8143664002418518,undefined
4,0.8039696216583252,undefined
3,0.8087349534034729,undefined
2,0.8034548163414001,undefined
1,0.814469039440155,0.8165454864501953